<?xml version="1.0" encoding="utf-8"?>
<DefaultGEProperties><OneGEProPerties ObjType="3" PartType="20"><PLCProperties Pripority="" Description=""><InPutData Pripority="1" AddrType="255" AddrTypeName="LW" CodeType="0" WordNum="1" PLCAddr="0" MaskValType="2" bUseAddrTag="0" PLCID="65534" QWord="0"/><OutPutData Pripority="1" AddrType="255" AddrTypeName="LW" CodeType="0" WordNum="1" PLCAddr="0" MaskValType="2" bUseAddrTag="0" PLCID="65534"/></PLCProperties><ShapeProperties bUseVG="0" VGName="" BUseBG="0" BGName=""/></OneGEProPerties><OneGEProPerties ObjType="4" PartType="10"><ShapeProperties bUseVG="0" VGName="" BUseBG="0" BGName=""/></OneGEProPerties><OneGEProPerties ObjType="3" PartType="4"><PLCProperties Pripority="" Description=""><InPutData Pripority="1" AddrType="255" AddrTypeName="LW" CodeType="0" WordNum="1" PLCAddr="0" MaskValType="2" bUseAddrTag="0" PLCID="65534" QWord="0"/><OutPutData Pripority="1" AddrType="255" AddrTypeName="LW" CodeType="0" WordNum="1" PLCAddr="0" MaskValType="2" bUseAddrTag="0" PLCID="65534"/></PLCProperties><ShapeProperties bUseVG="1" VGName="Button_Round.vg" BUseBG="0" BGName=""/></OneGEProPerties><OneGEProPerties ObjType="4" PartType="4"><ShapeProperties bUseVG="0" VGName="" BUseBG="1" BGName="Thermometer.bg"/></OneGEProPerties><OneGEProPerties ObjType="3" PartType="13"><PLCProperties Pripority="" Description=""><InPutData Pripority="1" AddrType="255" AddrTypeName="LW" CodeType="0" WordNum="1" PLCAddr="0" MaskValType="2" bUseAddrTag="0" PLCID="65534" QWord="0"/><OutPutData Pripority="1" AddrType="255" AddrTypeName="LW" CodeType="0" WordNum="1" PLCAddr="0" MaskValType="2" bUseAddrTag="0" PLCID="65534"/></PLCProperties><ShapeProperties bUseVG="0" VGName="" BUseBG="0" BGName=""/></OneGEProPerties><OneGEProPerties ObjType="3" PartType="21"><PLCProperties Pripority="" Description=""><InPutData Pripority="1" AddrType="255" AddrTypeName="LW" CodeType="0" WordNum="6" PLCAddr="9070" MaskValType="2" bUseAddrTag="0" PLCID="65534" QWord="0"/><OutPutData Pripority="1" AddrType="255" AddrTypeName="LW" CodeType="0" WordNum="6" PLCAddr="9070" MaskValType="2" bUseAddrTag="0" PLCID="65534"/></PLCProperties><ShapeProperties bUseVG="1" VGName="KEY101.vg" BUseBG="0" BGName=""/></OneGEProPerties><OneGEProPerties ObjType="4" PartType="1"><ShapeProperties bUseVG="1" VGName="k_button_00.vg" BUseBG="0" BGName=""/></OneGEProPerties></DefaultGEProperties>
